"","Identifier","Annotation","InChIKey","Species","count","ESI mode","m/z","RT","qc_mean","qc_sd","qc_cv","class","ESI","keep","molwt"
"Ceramide 34:1 d","5.78_572.48_5.76_596.53","Ceramide 34:1 d","YDNKGFDKKRUKPY-TURZORIXSA-N","[M+Cl]-_[M+Hac-H]-",40,"(-) ES)","572.4815_596.5264",5.77,20985.4,1064.5744689781,19.7124772493785,"Cer","neg",TRUE,537.512098
"Ceramide 38:1 d","7.18_628.55","Ceramide 38:1 d","XWBWIAOWSABHFI-NUKVNZTCSA-N","[M+Cl]-",40,"(-) ES)","628.54520000000002",7.18,4417,217.008064366281,20.3540822913598,"Cer","neg",TRUE,593.575798
"Ceramide 41:1 d","8.18_670.59","Ceramide 41:1 d","NAJHAHQNQCNWOP-PUYNVXOJSA-N?","[M+Cl]-",40,"(-) ES)","670.5915",8.18,18551.4,1472.39831567412,12.599443915763,"Cer","neg",TRUE,635.622098
"Ceramide 42:1 d","8.50_684.61_8.50_708.65","Ceramide 42:1 d","ZJVVOYPTFQEGPH-AUTSUKAISA-N","[M+Cl]-",40,"(-) ES)","684.6068_708.6511",8.5,165194.6,14628.2495637721,11.2928480799996,"Cer","neg",TRUE,649.637398
"Ceramide 42:2 d","7.91_682.59","Ceramide 42:2 d","VJSBNBBOSZJDKB-KPEYJIHVSA-N","[M+Cl]-",38,"(-) ES)","682.59320000000002",7.91,1172.4,967.783705173837,1.21142771234137,"Cer","neg",TRUE,647.623798
"GlcCer 40:1 d","7.18_818.63","GlcCer 40:1 d","YIGARKIIFOHVPF-YAEABVQUSA-N","[M+Cl]-",40,"(-) ES)","818.6277",7.18,4717.2,360.515880371448,13.0845831122328,"Cer","neg",TRUE,783.658298
"GlcCer 42:1 d","7.83_846.66","GlcCer 42:1 d","POQRWMRXUOPCLD-AAAFHMTMSA-N","[M+Cl]-",40,"(-) ES)","846.65840000000003",7.83,2958,2820.59949301562,1.0487132282781,"Cer","neg",TRUE,811.688998
"GlcCer 42:2 d","7.16_844.65","GlcCer 42:2 d","WBOZIXHPUPAOIA-RBELZSLISA-N","[M+Cl]-",40,"(-) ES)","844.64530000000002",7.16,4191.2,446.888912370849,9.37861711037922,"Cer","neg",TRUE,809.675898
"PC 32:2","4.58_788.54","PC 32:2","GPWHCUUIQMGELX-VHQDNGOZSA-N","[M+Hac-H]-",40,"(-) ES)","788.54459999999995",4.58,2769.6,276.667309236202,10.0105791596632,"PC","neg",TRUE,729.530749
"PC 34:2","5.18_816.58","PC 34:2","JLPULHDHAOZNQI-ZTIMHPMXSA-N","[M+Hac-H]-",40,"(-) ES)","816.57709999999997",5.18,139850.2,9551.88241657109,14.641114065368,"PC","neg",TRUE,757.563249
"PC 34:3","4.82_814.56","PC 34:3","CNNSEHUKQJCGTE-UPPWDXJYSA-N","[M+Hac-H]-",40,"(-) ES)","814.56100000000004",4.82,3042,710.058096214669,4.28415648834504,"PC","neg",TRUE,755.547149
"PC 35:2","5.51_830.59","PC 35:2","ZSKWZJYUVZYDQU-WESJWMGVSA-N","[M+Hac-H]-",40,"(-) ES)","830.58969999999999",5.51,3962,189.910505238652,20.8624583196234,"PC","neg",TRUE,771.575849
"PC 36:3","5.35_842.59","PC 36:3","YPAZQMWFRMHBBM-CLKMJQEKSA-N","[M+Hac-H]-",40,"(-) ES)","842.59220000000005",5.35,29331.6,1624.9213211722,18.0510893775709,"PC","neg",TRUE,783.578349
"PC 36:5","4.70_838.56","PC 36:5","DYDDZDMJSQYFGN-OIVUZXIWSA-N","[M+Hac-H]-",40,"(-) ES)","838.5607",4.7,7166.6,244.435676610433,29.3189607154675,"PC","neg",TRUE,779.546849
"PC 38:3","6.03_870.62","PC 38:3","OJHJKEBRZSDTTL-VHWCKNCUSA-N","[M+Hac-H]-",40,"(-) ES)","870.62429999999995",6.03,16112,791.96433000483,20.344350609707,"PC","neg",TRUE,811.610449
"PC 40:5","5.77_894.62","PC 40:5","LJFKFKIYUJNFPZ-ZLFSCUDPSA-N","[M+Hac-H]-",40,"(-) ES)","894.62239999999997",5.77,1905.4,963.017029963645,1.97857352540477,"PC","neg",TRUE,835.608549
"PC 40:6","5.57_892.61","PC 40:6","FYVNIFOYDIIODX-KNKJIUSSSA-N","[M+Hac-H]-",40,"(-) ES)","892.60749999999996",5.57,8686.8,568.841542083558,15.271036584603,"PC","neg",TRUE,833.593649
"PC 34:1 p","5.58_802.60","PC 34:1 p","MBRHHFWRXQYYAN-RTVLTNFHSA-N","[M+Hac-H]-",40,"(-) ES)","802.59670000000006",5.58,3406.8,143.072359315138,23.8117272707862,"PC","neg",TRUE,743.582849
"PC 34:2 p","5.47_800.58","PC 34:2 p","QLEHHUPUHJPURI-PWYDUFMYSA-N","[M+Hac-H]-",40,"(-) ES)","800.58069999999998",5.47,6450.2,392.448340549428,16.435793793827,"PC","neg",TRUE,741.566849
"PC 36:3 p","5.47_826.60","PC 36:3 p","SOUZQPFUXRVDGK-KCTKZSJBSA-N","[M+Hac-H]-",40,"(-) ES)","826.59720000000004",5.47,8328.8,296.581691950127,28.0826505008966,"PC","neg",TRUE,767.583349
"PC 38:4 p","6.02_852.61","PC 38:4 p","DBQMOXDLWKVKKG-REWQMPQJSA-N","[M+Hac-H]-",40,"(-) ES)","852.61329999999998",6.02,1793.8,199.162496469591,9.00671578132122,"PC","neg",TRUE,793.599449
"PE 36:2","5.97_742.54","PE 36:2","MWRBNPKJOOWZPW-CLFAGFIQSA-N","[M-H]-",40,"(-) ES)","742.53880000000004",5.97,3449.2,357.979329012165,9.63519320938999,"PE","neg",TRUE,743.546076
"PE 36:4","5.20_738.51","PE 36:4","DUQDVNACTOXOJA-KTKXOIIHSA-N","[M-H]-",40,"(-) ES)","738.50840000000005",5.2,5900.6,469.45905039737,12.5689343831064,"PE","neg",TRUE,739.515676
"PE 38:6","5.07_762.51","PE 38:6","VRBJSZDBPQLNEM-PFTGJCAASA-N","[M-H]-",38,"(-) ES)","762.50789999999995",5.07,3845,295.317625616894,13.0198798394377,"PE","neg",TRUE,763.515176
"PE 34:2 p","5.63_698.51","PE 34:2 p","LALFTIIBOJSVNP-OBEJFMRTSA-N","[M-H]-",40,"(-) ES)","698.51189999999997",5.63,2925.2,154.517636533827,18.9311722960479,"PE","neg",TRUE,699.519176
"PE 36:2 p","6.30_726.54","PE 36:2 p","XVXISDREVDGQPX-PISDLAQISA-N","[M-H]-",40,"(-) ES)","726.54150000000004",6.3,3731.4,207.714467478796,17.9640833173111,"PE","neg",TRUE,727.548776
"PE 36:4 p","5.50_722.51","PE 36:4 p","UUYSKERSKRMYME-MAIXUNBTSA-N","[M-H]-",40,"(-) ES)","722.51289999999995",5.5,9129.4,821.995620426289,11.1063852083123,"PE","neg",TRUE,723.520176
"PE 38:4 p","6.19_750.54","PE 38:4 p","URPXXNCTXCOATD-FXMFQVEGSA-N","[M-H]-",40,"(-) ES)","750.54489999999998",6.19,9397.8,1279.04757534659,7.34749838953676,"PE","neg",TRUE,751.552176
"PE 38:5 p","5.56_748.53","PE 38:5 p","KCNBSSYOJRUKOM-JALPNNRCSA-N","[M-H]-",40,"(-) ES)","748.52880000000005",5.56,8159,1366.34915010769,5.97138732757799,"PE","neg",TRUE,749.536076
"PE 38:6 p","5.32_746.51","PE 38:6 p","WVGALBKSWOUIEZ-XNHMFJFDSA-N","[M-H]-",40,"(-) ES)","746.51260000000002",5.32,5213.6,240.67883164084,21.6620629427857,"PE","neg",TRUE,747.519876
"PE 40:6 p","5.97_774.54","PE 40:6 p","FIJFPUAJUDAZEY-MNDXXDKYSA-N","[M-H]-",40,"(-) ES)","774.54409999999996",5.97,2529,262.193630738811,9.64554323029803,"PE","neg",TRUE,775.551376
"SM 33:1 d","4.57_747.57","SM 33:1 d","LQINJRUGTUOHGS-YPDYIYJKSA-N","[M+Hac-H]-",40,"(-) ES)","747.56690000000003",4.57,4975.4,2219.55081041187,2.24162473625766,"SM","neg",TRUE,688.553049
"SM 40:2 d","6.25_843.66","SM 40:2 d","FOULCGVQZYQEQM-DNXGLLHMSA-N","[M+Hac-H]-",40,"(-) ES)","843.66",6.25,3950.2,1711.74244557994,2.30770698605985,"SM","neg",TRUE,784.646149
"SM 42:2 d","7.03_871.69","SM 42:2 d","DACOGJMBYLZYDH-GXJPFUDISA-N","[M+Hac-H]-",40,"(-) ES)","871.69129999999996",7.03,11073.2,5531.44390733559,2.00186428453431,"SM","neg",TRUE,812.677449
"CE 16:1","10.49_645.56","CE 16:1","HODJWNWCVNUPAQ-FSAOOAOSSA-N","[M+Na]+",40,"-1","645.55849999999998",10.49,7012.2,282.921720622507,24.7849475274334,"CE","pos",TRUE,622.569282
"CE 18:1","11.06_668.63_11.06_673.59","CE 18:1","RJECHNNFRHZQKU-RMUVNZEASA-N","[M+NH4]+_[M+Na]+",40,"-1","668.6350_673.5904",11.06,47728.4,2267.13901205903,21.0522600273429,"CE","pos",TRUE,650.601177
"CE 18:2","10.58_666.62_10.56_671.58","CE 18:2","NAACPBBQTFFYQB-LJAITQKLSA-N","[M+NH4]+_[M+Na]+",40,"-1","666.6194_671.5755",10.57,432313.8,28157.3210852879,15.3535131659198,"CE","pos",TRUE,648.585577
"CE 18:3","10.17_669.56","CE 18:3","FYMCIBHUFSIWCE-WVXFKAQASA-N","[M+Na]+",40,"-1","669.55849999999998",10.17,9479.6,366.105585862876,25.8930766589029,"CE","pos",TRUE,646.569282
"CE 20:3","10.68_697.59","CE 20:3","MLPRJPSMAFZPLA-PJSAOELNSA-N","[M+Na]+",40,"-1","697.58960000000002",10.68,2067.2,196.476970660686,10.5213348569489,"CE","pos",TRUE,674.600382
"CE 20:4","10.35_695.57_10.34_690.62","CE 20:4","IMXSFYNMSOULQS-BEDFLICRSA-N","[M+NH4]+_[M+Na]+",40,"-1","695.5744_690.6185",10.345,100722.8,2489.90797018685,40.4524188066443,"CE","pos",TRUE,672.584677
"CE 20:5","9.92_693.56","CE 20:5","XZFUGMCJZFRBKF-JIKDAPOUSA-N","[M+Na]+",40,"-1","693.55669999999998",9.92,5927.4,265.364466347701,22.3368263339127,"CE","pos",TRUE,670.567482
"CE 22:6","10.09_719.57","CE 22:6","VOEVEGPMRIYYKC-HNJOWPRISA-N","[M+Na]+",40,"-1","719.57349999999997",10.09,12641.8,812.209455744022,15.5647042897568,"CE","pos",TRUE,696.584282
"Ceramide 40:1 d","7.83_644.59","Ceramide 40:1 d","KEPQASGDXIEOIL-GLQCRSEXSA-N","[M+Na]+",40,"-1","644.59479999999996",7.83,5312.6,252.959087601138,21.001815156674,"Cer","pos",TRUE,621.605582
"Cholesterol","4.96_369.35","Cholesterol","HVYWMOMLDIMFJA-DPAQBDIFSA-N","[M-H2O+H]+",40,"-1","369.35210000000001",4.96,66796,1300.1836408754,51.3742812169419,"Cholesterol","pos",TRUE,386.35594
"DG 36:2","7.10_643.53","DG 36:2","AFSHUZFNMVJNKX-LLWMBOQKSA-N","[M+Na]+",40,"-1","643.52760000000001",7.1,8534.6,999.625079717391,8.53780099476182,"DG","pos",TRUE,620.538382
"DG 36:3","6.57_641.51","DG 36:3","BLZVZPYMHLXLHG-JOBMVARSSA-N","[M+Na]+",40,"-1","641.51210000000003",6.57,15427.8,2071.67256099993,7.44702627743137,"DG","pos",TRUE,618.522882
"Gal-Gal-Cer 34:1 d","4.92_862.62_4.92_884.61","Gal-Gal-Cer 34:1 d","HLIJNIKSBCIDGO-QKLMXXKVSA-N or HLIJNIKSBCIDGO-NLXPYQMASA-N","[M+H]+_[M+Na]+",40,"-1","862.6243_884.6073",4.92,29710.6,2982.34375952874,9.9621647923963,"Cer","pos",TRUE,861.617024
"GlcCer 40:1 d 1","7.15_806.65","GlcCer 40:1 d 1","QMYGQSYNQBLKGY-YAEABVQUSA-N","[M+Na]+",40,"-1","806.64620000000002",7.15,2871.4,131.256618880725,21.8762301245111,"Cer","pos",TRUE,783.656982
"GlcCer 42:1 d 1","7.81_834.68","GlcCer 42:1 d 1","SNVYJLGKALMFOP-MOLROICHSA-N","[M+Na]+",40,"-1","834.67899999999997",7.81,3895,228.069068485843,17.0781598129857,"Cer","pos",TRUE,811.689782
"LPC 16:0","1.52_496.34","LPC 16:0","ASWBNKHCZGQVJV-HSZRJFAPSA-N","[M+H]+",40,"-1","496.33980000000003",1.52,1485296.8,211318.819449901,7.02870101142188,"LPC","pos",TRUE,495.332524
"LPC 18:0","2.31_524.37","LPC 18:0","IHNKQIMGVNPMTC-RUZDIDTESA-N","[M+H]+",40,"-1","524.37139999999999",2.31,427646.4,52969.5867673139,8.07343281492029,"LPC","pos",TRUE,523.364124
"LPC 18:1","1.67_522.36","LPC 18:1","YAMUFBLWGFFICM-PTGWMXDISA-N","[M+H]+",40,"-1","522.35580000000004",1.67,148846.6,21218.3287819753,7.01500111198407,"LPC","pos",TRUE,521.348524
"LPC 18:2","1.26_520.34","LPC 18:2","SPJFYYJXNPEZDW-FTJOPAKQSA-N","[M+H]+",40,"-1","520.33979999999997",1.26,307005.6,71919.4126665395,4.26874453804924,"LPC","pos",TRUE,519.332524
"LPC 20:4","1.23_544.34","LPC 20:4","GOMVPVRDBLLHQC-VEJNOCSESA-N","[M+H]+",40,"-1","544.33910000000003",1.23,68888.6,18363.9185578678,3.75130175963918,"LPC","pos",TRUE,543.331824
"PC 30:0","4.94_706.54_4.93_728.52","PC 30:0","RFVFQQWKPSOBED-PSXMRANNSA-N","[M+H]+_[M+Na]+",40,"-1","706.5395_728.5220",4.935,58139.8,7182.61524098291,8.09451683674536,"PC","pos",TRUE,705.532224
"PC 32:0","5.56_734.57","PC 32:0","KILNVBDSWZSGLL-KXQOOQHDSA-N","[M+H]+",40,"-1","734.56960000000004",5.56,71825.8,8599.00419816155,8.35280438813557,"PC","pos",TRUE,733.562324
"PC 32:1","4.98_732.55_4.98_754.54","PC 32:1","QIBZFHLFHCIUOT-NPBIGWJUSA-N","[M+H]+_[M+Na]+",40,"-1","732.5548_754.5376",4.98,213523,24865.4460446621,8.58713733172052,"PC","pos",TRUE,731.547524
"PC 33:0","5.77_748.58","PC 33:0","FHENRYRLCPXONH-LDLOPFEMSA-N","[M+H]+",40,"-1","748.58389999999997",5.77,3245.4,299.551831908937,10.8341851202118,"PC","pos",TRUE,747.576624
"PC 33:1","5.31_746.57","PC 33:1","OFRWLQSOUIZELQ-VEAYGOGPSA-N?","[M+H]+",40,"-1","746.56949999999995",5.31,10345,1158.29055076867,8.93126512439799,"PC","pos",TRUE,745.562224
"PC 33:2","4.84_744.55","PC 33:2","SBNDHGBVMZMSNL-UESLNCBNSA-N","[M+H]+",40,"-1","744.55330000000004",4.84,16302.4,1964.62726744795,8.29796077358572,"PC","pos",TRUE,743.546024
"PC 34:0","6.23_762.60","PC 34:0","PZNPLUBHRSSFHT-RRHRGVEJSA-N","[M+H]+",40,"-1","762.60249999999996",6.23,12430,1231.50294356124,10.0933579290157,"PC","pos",TRUE,761.595224
"PC 34:1","5.65_760.59_5.66_782.57","PC 34:1","WTJKGGKOPKCXLL-VYOBOKEXSA-N","[M+H]+_[M+Na]+",40,"-1","760.5871_782.5680",5.655,1581248.4,167239.541901131,9.45499121813434,"PC","pos",TRUE,759.579824
"PC 34:3 1","4.63_756.55","PC 34:3 1","VKVSSDKCKXJFIM-AFYHZPHLSA-N","[M+H]+",40,"-1","756.55380000000002",4.63,19711.8,2079.00942758805,9.48134228658525,"PC","pos",TRUE,755.546524
"PC 34:4","4.45_754.54","PC 34:4","YWDDIWXKFJEMKF-JTZVLWBESA-N","[M+H]+",40,"-1","754.53750000000002",4.45,4087.2,457.127115800408,8.94105787805543,"PC","pos",TRUE,753.530224
"PC 35:1","5.96_774.60","PC 35:1","MFHIZGSSDZJFKD-IYEJTHTFSA-N","[M+H]+",40,"-1","774.60059999999999",5.96,9908.4,1246.548555011,7.94866751091986,"PC","pos",TRUE,773.593324
"PC 35:2 1","5.46_772.59","PC 35:2 1","MJWAVUYQCBFFHQ-WESJWMGVSA-N","[M+H]+",40,"-1","772.58500000000004",5.46,33103.6,3594.97688448758,9.20829286631659,"PC","pos",TRUE,771.577724
"PC 35:3","4.95_770.57","PC 35:3","AYXGHIQPMDYMJC-AHMBLZLYSA-N","[M+H]+",40,"-1","770.5684",4.95,13820.4,1444.64711954165,9.56662690358931,"PC","pos",TRUE,769.561124
"PC 35:4","4.75_768.55","PC 35:4","OROZWUJCDDCYAU-IPUAOQJZSA-N","[M+H]+",40,"-1","768.55460000000005",4.75,3736.8,1148.97528258879,3.25228928474466,"PC","pos",TRUE,767.547324
"PC 36:1","6.30_788.62_6.29_810.60","PC 36:1","ATHVAWFAEPLPPQ-VRDBWYNSSA-N","[M+H]+_[M+Na]+",40,"-1","788.6171_810.5985",6.295,181198.6,22508.4659361761,8.05024209618718,"PC","pos",TRUE,787.609824
"PC 36:2","5.78_786.60_5.77_808.58","PC 36:2","SNKAWJBJQDLSFF-NVKMUCNASA-N","[M+H]+_[M+Na]+",40,"-1","786.6031_808.5841",5.775,2508804,239638.833164619,10.4691045556735,"PC","pos",TRUE,785.595824
"PC 36:3 1","5.19_784.59_5.19_806.57","PC 36:3 1","BXRLDROZWDUSGM-ZRYFCQOPSA-N","[M+H]+_[M+Na]+",40,"-1","784.5865_806.5673",5.19,536978.8,62117.6091716351,8.64455034829644,"PC","pos",TRUE,783.579224
"PC 36:3 2","5.30_784.59_5.30_806.57","PC 36:3 2","WZCLAXMADUBPSG-RIXBAXMTSA-","[M+H]+_[M+Na]+",40,"-1","784.5861_806.5668",5.3,584333.6,77708.8232750953,7.51952706749159,"PC","pos",TRUE,783.578824
"PC 36:4","4.75_782.57","PC 36:4","NKQPOVROGSWLTO-NVPMBMBWSA-N","[M+H]+",40,"-1","782.56989999999996",4.75,128745.6,13990.0694172688,9.20264197124579,"PC","pos",TRUE,781.562624
"PC 36:4 1","5.05_782.57_5.05_804.55","PC 36:4 1","IIZPXYDJLKNOIY-JXPKJXOSSA-N","[M+H]+_[M+Na]+",40,"-1","782.5715_804.5524",5.05,1904255.8,201287.905953636,9.46035873828712,"PC","pos",TRUE,781.564224
"PC 36:5 1","4.36_780.55","PC 36:5 1","SUZYROYNFNQALJ-MHEIZRSESA-N","[M+H]+",40,"-1","780.55439999999999",4.36,1803.6,1521.92519527078,1.18507795626519,"PC","pos",TRUE,779.547124
"PC 37:2","6.12_800.62","PC 37:2","MCZUABDVGPPWPM-HJTCUGKVSA-N","[M+H]+",40,"-1","800.61770000000001",6.12,3754.8,260.253145994434,14.4274913014128,"PC","pos",TRUE,799.610424
"PC 37:3","5.52_798.60","PC 37:3","OOYQEEUUQRMQKL-JUUDQZDJSA-N","[M+H]+",40,"-1","798.6",5.52,2567.6,1269.5760315948,2.02240743059292,"PC","pos",TRUE,797.592724
"PC 37:4","5.36_796.58","PC 37:4","QRPUCJXFPYFTMB-FBFLODOBSA-N","[M+H]+",40,"-1","796.58479999999997",5.36,13215.4,1579.52296596156,8.36670329256968,"PC","pos",TRUE,795.577524
"PC 38:2","6.39_814.63","PC 38:2","KXXLFCAPKGRXBT-FMJYHZMHSA-N","[M+H]+",40,"-1","814.63260000000002",6.39,12494,1256.80806012692,9.94105655141824,"PC","pos",TRUE,813.625324
"PC 38:3 1","5.97_812.62_5.97_834.60","PC 38:3 1","KNNHXKQRTYEWCA-HYYWERRFSA-N","[M+H]+_[M+Na]+",40,"-1","812.6166_834.5980",5.97,178175.2,19946.5820054464,8.93261812732372,"PC","pos",TRUE,811.609324
"PC 38:4","5.69_810.60_5.70_832.58","PC 38:4","PSVRFUPOQYJOOZ-QNPWAGBNSA-N","[M+H]+_[M+Na]+",40,"-1","810.6025_832.5836",5.695,1219521,126286.211038656,9.65680251208665,"PC","pos",TRUE,809.595224
"PC 38:5","5.11_808.59_5.10_830.57","PC 38:5","SUACBSWYGWBPFC-GPUJSUHJSA-N","[M+H]+_[M+Na]+",40,"-1","808.5862_830.5671",5.105,285662.4,30629.6189708589,9.32634520435203,"PC","pos",TRUE,807.578924
"PC 38:5 1","5.28_808.58","PC 38:5 1","YLWBKBDNHWQEFU-YJXJLLHLSA-N","[M+H]+",40,"-1","808.58399999999995",5.28,63285,33123.3743903003,1.91058432798236,"PC","pos",TRUE,807.576724
"PC 38:6","4.92_806.57_4.92_828.55","PC 38:6","PLZBTDKJYHXIEW-DZUXOTHRSA-N","[M+H]+_[M+Na]+",40,"-1","806.5710_828.5516",4.92,776922.8,89760.9052856532,8.65546974518068,"PC","pos",TRUE,805.563724
"PC 39:6","5.17_820.58","PC 39:6","QMCWOGICYCFNBF-BWHZRABLSA-N","[M+H]+",40,"-1","820.5797",5.17,4795.2,566.116772406542,8.47033727620502,"PC","pos",TRUE,819.572424
"PC 40:4","6.16_838.63","PC 40:4","FHUAYOMRHXZKHT-JUGJLYODSA-N","[M+H]+",40,"-1","838.63210000000004",6.16,12991,1324.93867782626,9.80498208514335,"PC","pos",TRUE,837.624824
"PC 40:5 1","5.71_836.62_5.72_858.60","PC 40:5 1","IJTJDJOOHZVSAC-NDRUHXFFSA-N","[M+H]+_[M+Na]+",40,"-1","836.6161_858.5972",5.715,68683.4,8633.00647515105,7.95590738842788,"PC","pos",TRUE,835.608824
"PC 40:5 2","5.95_836.62","PC 40:5 2","SFESOYFQZQJCOY-FXYWPAEZSA-N","[M+H]+",40,"-1","836.61509999999998",5.95,15247,2061.16835799505,7.39726085007008,"PC","pos",TRUE,835.607824
"PC 40:6 1","5.52_834.60_5.51_856.58","PC 40:6 1","TYRTWVKQVGNGSZ-RGBTVBCDSA-N","[M+H]+_[M+Na]+",40,"-1","834.6005_856.5829",5.515,119789,16440.8140765596,7.28607473098236,"PC","pos",TRUE,833.593224
"PC 40:7","4.95_832.59_4.95_854.57","PC 40:7","BPUROMFCPFGBOT-ZEGPSQTJSA-N","[M+H]+_[M+Na]+",40,"-1","832.5850_854.5671",4.95,78662.6,9379.60744381128,8.38655567103739,"PC","pos",TRUE,831.577724
"PC 40:8","4.52_830.57","PC 40:8","SIMZOWLEIOYZJX-VRCXRDLJSA-N","[M+H]+",40,"-1","830.56960000000004",4.52,3547.2,227.686626748257,15.5793076240792,"PC","pos",TRUE,829.562324
"PC 32:0 o","5.96_720.59","PC 32:0 o","SVWBXNAUENUONE-LDLOPFEMSA-N","[M+H]+",40,"-1","720.58939999999996",5.96,10588,1191.14587687655,8.88891965756882,"PC","pos",TRUE,719.582124
"PC 32:0 p","5.87_718.57","PC 32:0 p","KEVGQWGZKKFGDC-MCBGMKGZSA-N","[M+H]+",40,"-1","718.57309999999995",5.87,10543,1164.41916851278,9.05429958995412,"PC","pos",TRUE,717.565824
"PC 34:0 p","6.02_746.61","PC 34:0 p","QCGUXAIDEOWPBV-SNKLRXETSA-N","[M+H]+",40,"-1","746.60500000000002",6.02,18300.2,2103.75431075019,8.69882947190456,"PC","pos",TRUE,745.597724
"PC 34:1 p 1","5.52_744.59","PC 34:1 p 1","MBRHHFWRXQYYAN-JEPFLRBFSA-N","[M+H]+",40,"-1","744.58969999999999",5.52,36394.4,4660.15421418648,7.8096986338366,"PC","pos",TRUE,743.582424
"PC 34:1 p 2","5.95_744.58","PC 34:1 p 2","KMNVIRCHUMQGHD-RCINKDPXSA-N","[M+H]+",40,"-1","744.58349999999996",5.95,14120.2,1595.0883047656,8.85229987444173,"PC","pos",TRUE,743.576224
"PC 34:2 p 1","5.43_742.57","PC 34:2 p 1","QEWRXEALGMKRGP-MZWPLUPDSA-N","[M+H]+",40,"-1","742.57429999999999",5.43,51620.4,5190.69978904579,9.94478627119551,"PC","pos",TRUE,741.567024
"PC 36:1 p","6.08_772.62","PC 36:1 p","ZYLPVUZBZNMVMR-ZBBHDILGSA-N","[M+H]+",40,"-1","772.61890000000005",6.08,4302.4,1770.24215857605,2.43040195329026,"PC","pos",TRUE,771.611624
"PC 36:2 p","5.59_770.60","PC 36:2 p","DIHWZUCEXWUHOD-IIVNATNGSA-N","[M+H]+",40,"-1","770.6046",5.59,17110.8,2252.03079463847,7.59794228424254,"PC","pos",TRUE,769.597324
"PC 36:3 p 1","5.42_768.59_5.42_790.57","PC 36:3 p 1","PYVYDRMXPDZRIS-FINMKEMFSA-N","[M+H]+_[M+Na]+",40,"-1","768.5900_790.5717",5.42,82071.2,9363.37907488531,8.76512628011969,"PC","pos",TRUE,767.582724
"PC 36:4 p","5.31_766.57_5.31_788.56","PC 36:4 p","RWVKPDIHPPTVRQ-HWGQMOSASA-N","[M+H]+_[M+Na]+",40,"-1","766.5746_788.5605",5.31,110872.8,15159.7669408207,7.31362166930501,"PC","pos",TRUE,765.567324
"PC 38:2 p","6.37_798.64","PC 38:2 p","VXNFJZDUQIFCMO-WCXGAVHKSA-N","[M+H]+",40,"-1","798.63720000000001",6.37,2590.4,189.138309181403,13.6957975949523,"PC","pos",TRUE,797.629924
"PC 38:3 p","6.08_796.62","PC 38:3 p","GWBOVQHRCURSPU-QMFAPAEZSA-N","[M+H]+",40,"-1","796.62120000000004",6.08,28377.2,2774.60658472512,10.2274679791446,"PC","pos",TRUE,795.613924
"PC 38:4 p 1","5.47_794.60","PC 38:4 p 1","YPAPIRJFGNBODV-AMFPDOHCSA-N","[M+H]+",40,"-1","794.60429999999997",5.47,63119.6,7708.36651308174,8.18845340227151,"PC","pos",TRUE,793.597024
"PC 38:4 p 2","5.98_794.61","PC 38:4 p 2","DYFGXBAIDOATAE-DSLLYOFSSA-N","[M+H]+",40,"-1","794.60940000000005",5.98,14314.8,1629.97812868762,8.78220372903137,"PC","pos",TRUE,793.602124
"PC 38:5 p","5.36_792.59","PC 38:5 p","FAKYQMLQEAQOLK-LHZZQLRFSA-N","[M+H]+",40,"-1","792.58960000000002",5.36,16405.6,1550.02719330985,10.5840723768003,"PC","pos",TRUE,791.582324
"PC 40:3 p","6.75_824.65","PC 40:3 p","RDNHPNJCALITSY-MBZSPAKGSA-N","[M+H]+",40,"-1","824.65279999999996",6.75,3714.4,411.743002369196,9.02116120644941,"PC","pos",TRUE,823.645524
"PC 40:4 p","6.09_822.64","PC 40:4 p","UWNFEVACEPZILS-RNNLSGHUSA-N","[M+H]+",40,"-1","822.63559999999995",6.09,5591.6,683.160522864136,8.18489917502454,"PC","pos",TRUE,821.628324
"PC 40:5 p","5.88_820.62","PC 40:5 p","KUHMJRMPHBRAMY-DDURNVNNSA-N","[M+H]+",40,"-1","820.62130000000002",5.88,3650.2,361.179595215455,10.1063295057478,"PC","pos",TRUE,819.614024
"PC 40:6 p","5.75_818.61","PC 40:6 p","FMBYBTSZVHUJMV-DIVFMYBRSA-N","[M+H]+",40,"-1","818.60519999999997",5.75,5180.8,453.573257589113,11.4221901607198,"PC","pos",TRUE,817.597924
"PC 42:4 p","6.73_850.67","PC 42:4 p","NLEDXBSUDVLSEN-UFFJXODHSA-N","[M+H]+",40,"-1","850.66819999999996",6.73,4089.6,337.36523235212,12.1221738573569,"PC","pos",TRUE,849.660924
"PC 42:5 p","6.17_848.65","PC 42:5 p","QZMFOSCFDWPISC-KQHSIIGPSA-N","[M+H]+",40,"-1","848.65239999999994",6.17,2681,263.237535317439,10.1847177560258,"PC","pos",TRUE,847.645124
"PC 44:4 p","7.37_878.70","PC 44:4 p","CEZAZXUWDFPTTE-FHIJIHMSSA-N","[M+H]+",40,"-1","878.7",7.37,5039.2,376.559689823539,13.3822077513433,"PC","pos",TRUE,877.692724
"PC 38:4 1","5.50_810.60","PC 38:4 1","TWXNOZDNXVHOLP-HBZIWDQGNA-N","[M+H]+",40,"830.81790000000001","810.60059999999999",5.5,41414,5158.06402635718,8.02898137525605,"PC","pos",TRUE,809.593324
"PE 38:4","5.88_768.56","PE 38:4","ANRKEHNWXKCXDB-BHFWLYLHSA-N","[M+H]+",40,"-1","768.55730000000005",5.88,5600.6,2149.43720540983,2.60561229046566,"PE","pos",TRUE,767.550024
"PE 38:6 1","5.03_764.52","PE 38:6 1","LFGBKOUQHCWBQI-BZGLIJSBSA-N","[M+H]+",40,"-1","764.52499999999998",5.03,5471.2,1060.38351552634,5.15964263862049,"PE","pos",TRUE,763.517724
"PE 36:2 p 1","6.30_728.56","PE 36:2 p 1","CFANDHZPOSNKNO-UDHSZFGOSA-N","[M+H]+",40,"-1","728.55849999999998",6.3,2846.2,496.934804577019,5.72751188643876,"PE","pos",TRUE,727.551224
"PE 36:4 p 1","5.51_724.53","PE 36:4 p 1","ADWDFBQPQIEGRZ-XBICFDGKSA-N","[M+H]+",40,"-1","724.52679999999998",5.51,7652.2,1872.59691337992,4.08641066602436,"PE","pos",TRUE,723.519524
"PE 38:5 p 1","5.56_750.54","PE 38:5 p 1","IQSPCSIULMCRPM-ZAJUHDLGSA-N","[M+H]+",40,"-1","750.54409999999996",5.56,6265.4,1454.41476202629,4.30784956505188,"PE","pos",TRUE,749.536824
"PC 36:2 p 1","6.08_770.61","PC 36:2 p 1","XEBSIEVNFRMOOU-XGDVQHKZNA-N","[M+H]+",40,"952.49929999999995","770.60519999999997",6.08,8642.4,954.584883601244,9.05356888472389,"PC","pos",TRUE,769.597924
"PC 38:6 p","5.13_790.57","PC 38:6 p","QICWUUGBNFIZAZ-VEOGPPBONA-N","[M+H]+",40,"771.90700000000004","790.57339999999999",5.13,11694.6,933.308255615475,12.5302652469177,"PC","pos",TRUE,789.566124
"SM 32:1 d","4.23_675.54","SM 32:1 d","KYICBZWZQPCUMO-PSALXKTOSA-N","[M+H]+",40,"-1","675.54330000000004",4.23,24723.2,2239.17835377176,11.0411928368079,"SM","pos",TRUE,674.536024
"SM 32:2 d","3.77_673.53","SM 32:2 d","PEJGMBUENJSLLH-RHAKMSQVSA-N?","[M+H]+",38,"-1","673.52719999999999",3.77,3125,642.494747060239,4.86385299537244,"SM","pos",TRUE,672.519924
"SM 34:0 d","5.09_705.59","SM 34:0 d","QHZIGNLCLJPLCU-QPPIDDCLSA-N","[M+H]+",40,"-1","705.59010000000001",5.09,24304.2,3220.06299627818,7.54774053429742,"SM","pos",TRUE,704.582824
"SM 34:1 d","4.85_703.58_4.86_725.56","SM 34:1 d","RWKUXQNLWDTSLO-GWQJGLRPSA-N","[M+H]+_[M+Na]+",40,"-1","703.5754_725.5565",4.855,786587.4,81582.6326511961,9.64160354279114,"SM","pos",TRUE,702.568124
"SM 34:2 d","4.33_701.56","SM 34:2 d","YLWSJLLZUHSIEA-CKSUKHGVSA-N","[M+H]+",40,"-1","701.55899999999997",4.33,66825.8,7511.68487757574,8.89624645989767,"SM","pos",TRUE,700.551724
"SM 36:0 d","5.74_733.62","SM 36:0 d","JCELSEVNSMXGKA-IOLBBIBUSA-N","[M+H]+",40,"-1","733.61929999999995",5.74,5652.6,583.791315454418,9.68256952503664,"SM","pos",TRUE,732.612024
"SM 36:1 d","5.51_731.61","SM 36:1 d","LKQLRGMMMAHREN-YJFXYUILSA-N","[M+H]+",40,"-1","731.60569999999996",5.51,73112.6,8827.58686165138,8.28228610444087,"SM","pos",TRUE,730.598424
"SM 36:2 d","4.96_729.59_4.95_751.57","SM 36:2 d","NBEADXWAAWCCDG-QDDWGVBQSA-N","[M+H]+_[M+Na]+",40,"-1","729.5909_751.5722",4.955,366876.2,38682.08923003,9.48439464627428,"SM","pos",TRUE,728.583624
"SM 38:1 d","6.20_759.64","SM 38:1 d","AADLTHQNYQJHQV-SVLGDMRNSA-N","[M+H]+",40,"-1","759.63699999999994",6.2,36240.2,3936.09136072831,9.20715417370149,"SM","pos",TRUE,758.629724
"SM 38:2 d","5.63_757.62","SM 38:2 d","MDRFMTLYKHBJTF-NQYLGBTJSA-N","[M+H]+",40,"-1","757.6191",5.63,25899,3538.97619376,7.31821820267277,"SM","pos",TRUE,756.611824
"SM 39:1 d","6.56_773.65","SM 39:1 d","YXSZOBWVQJIWNE-LUJNSPTCSA-N","[M+H]+",40,"-1","773.65160000000003",6.56,10069.2,906.287868174346,11.1103771258504,"SM","pos",TRUE,772.644324
"SM 40:1 d","6.89_787.67","SM 40:1 d","FJJANLYCZUNFSE-QVMKKYBKSA-N","[M+H]+",40,"-1","787.66859999999997",6.89,88648.8,9528.20448458155,9.30383055311739,"SM","pos",TRUE,786.661324
"SM 40:2 d 1","6.30_785.65","SM 40:2 d 1","VBFKEZGCUWHGSK-ADSSWVSQSA-N","[M+H]+",40,"-1","785.65340000000003",6.3,48964,5736.25335040216,8.53588518655077,"SM","pos",TRUE,784.646124
"SM 41:1 d","7.22_801.68","SM 41:1 d","SXZWBNWTCVLZJN-NMIJJABPSA-N","[M+H]+",40,"-1","801.68370000000004",7.22,27367,2205.0697267887,12.4109454079963,"SM","pos",TRUE,800.676424
"SM 41:2 d","6.65_799.67","SM 41:2 d","JBDGKEXQKCCQFK-JWQIMADESA-N","[M+H]+",40,"-1","799.66809999999998",6.65,14564.6,1146.75642575047,12.7006918583155,"SM","pos",TRUE,798.660824
"SM 42:1 d","7.55_815.70","SM 42:1 d","QEDPUVGSSDPBMD-XTAIVQBESA-N","[M+H]+",40,"-1","815.69960000000003",7.55,48477.6,4318.54353920393,11.2254512568689,"SM","pos",TRUE,814.692324
"SM 42:3 d","6.29_811.67","SM 42:3 d","TXFLWJQVQCDUDZ-BRUGZULGSA-N","[M+H]+",40,"-1","811.66729999999995",6.29,83026.8,9800.21870674323,8.47193338071851,"SM","pos",TRUE,810.660024
"SM 43:2 d","7.07_827.70","SM 43:2 d","PBROMOQAZGFDHQ-GPQOMLTASA-N?","[M+H]+",40,"-1","827.69889999999998",7.07,2386.2,205.653105981894,11.6030340928091,"SM","pos",TRUE,826.691624
"TG 46:0","10.56_796.74","TG 46:0","JWVXCFSNEOMSHH-UHFFFAOYSA-N","[M+NH4]+",40,"-1","796.73940000000005",10.56,26533,2874.72111690856,9.22976487838697,"TG","pos",TRUE,778.705577
"TG 46:1","10.13_799.68","TG 46:1","RSDIQTNCDWUNDP-VHXPQNKSSA-N","[M+Na]+",40,"-1","799.67790000000002",10.13,14760.4,891.77620510978,16.5516863036091,"TG","pos",TRUE,776.688682
"TG 48:1","10.55_827.71_10.59_822.76","TG 48:1","FEKLSEFRUGWUOS-DLOIZKPKSA-N","[M+NH4]+_[M+Na]+",40,"-1","827.7108_822.7551",10.57,211747.6,18341.9054162865,11.5444712637097,"TG","pos",TRUE,804.721277
"TG 48:2","10.16_820.74_10.16_825.69","TG 48:2","RUOVJPPUXXFZPC-YZEIBMOJSA-N","[M+NH4]+_[M+Na]+",40,"-1","820.7385_825.6940",10.16,93147.2,8334.22154133186,11.1764727561003,"TG","pos",TRUE,802.704677
"TG 48:3","9.73_823.68","TG 48:3","SKGWNZXOCSYJQL-BUTYCLJRSA-N","[M+Na]+",40,"-1","823.67790000000002",9.73,19543.2,1187.25679614816,16.4608028047549,"TG","pos",TRUE,800.688682
"TG 49:2","10.39_839.71","TG 49:2","QZYSUBAQYSVFNX-PSMULLBHSA-N","[M+Na]+",40,"-1","839.70899999999995",10.39,6527.8,418.185006904839,15.6098374934935,"TG","pos",TRUE,816.719782
"TG 50:1","11.00_850.79_10.98_855.74","TG 50:1","YHMDGPZOSGBQRH-YYSBDVFPSA-N","[M+NH4]+_[M+Na]+",40,"-1","850.7880_855.7435",10.99,634437.2,26759.1611359549,23.7091587728264,"TG","pos",TRUE,832.754177
"TG 50:2","10.61_848.77_10.60_853.73","TG 50:2","QEZWFCZNHWUARW-XQCAQTCHSA-N","[M+NH4]+_[M+Na]+",40,"-1","848.7711_853.7260",10.605,726102.2,54786.9029486062,13.2532076266682,"TG","pos",TRUE,830.737277
"TG 50:3","10.21_846.75_10.20_851.71","TG 50:3","UFHNZOACKFBCOM-YXKNDSBASA-N","[M+NH4]+_[M+Na]+",40,"-1","846.7535_851.7098",10.205,248253.8,25658.4085087131,9.67533897964474,"TG","pos",TRUE,828.719677
"TG 50:4","9.81_849.69","TG 50:4","PVMBAGXWHHZKFP-JMPJWMFJSA-N","[M+Na]+",40,"-1","849.69359999999995",9.81,30358.8,1950.35412169175,15.565788623897,"TG","pos",TRUE,826.704382
"TG 51:2","10.81_862.78_10.81_867.74","TG 51:2","NSNSZGBCOIKUBU-SZOKBDNISA-N","[M+NH4]+_[M+Na]+",40,"-1","862.7842_867.7407",10.81,48486,3857.25109371946,12.570091710894,"TG","pos",TRUE,844.750377
"TG 51:3","10.41_860.77_10.42_865.72","TG 51:3","ISSGPXMQOMAFMJ-DMGKHJLRSA-N","[M+NH4]+_[M+Na]+",40,"-1","860.7700_865.7248",10.415,34138.6,2879.19073699538,11.8570123060433,"TG","pos",TRUE,842.736177
"TG 52:1","11.38_878.82_11.38_883.77","TG 52:1","NPCZZYKITFKRQZ-RFBIWTDZSA-N","[M+NH4]+_[M+Na]+",40,"-1","878.8160_883.7726",11.38,276280.8,24582.8040955461,11.238782969029,"TG","pos",TRUE,860.782177
"TG 52:2","10.98_881.76_11.01_876.80","TG 52:2","TXMWKTABZBAJCW-QLHBUVOUSA-N","[M+NH4]+_[M+Na]+",40,"-1","881.7599_876.8042",10.995,1725119.8,103459.12448982,16.6744094202126,"TG","pos",TRUE,858.770377
"TG 52:3","10.66_879.74_10.63_874.79","TG 52:3","DQXQIWIQYYEGLG-MMWLGPPDSA-N","[M+NH4]+_[M+Na]+",40,"-1","879.7423_874.7878",10.645,2158623.2,135877.762811654,15.8865082507442,"TG","pos",TRUE,856.753977
"TG 52:4","10.28_872.77_10.27_877.73","TG 52:4","WHSWXEYWNPTUPW-HNJDVRDNSA-N","[M+NH4]+_[M+Na]+",40,"-1","872.7706_877.7262",10.275,980133.8,91468.2658669115,10.7155611917484,"TG","pos",TRUE,854.736777
"TG 52:5","9.89_870.75_9.89_875.71","TG 52:5","CQZAAIKPSLHIBC-KDJOUNIJSA-N","[M+NH4]+_[M+Na]+",40,"-1","870.7536_875.7089",9.89,81318.8,6387.10581562573,12.7317132904011,"TG","pos",TRUE,852.719777
"TG 52:6","9.47_873.69","TG 52:6","SSOSFUDNINFYLJ-KIYGNKBKSA-N","[M+Na]+",40,"-1","873.69269999999995",9.47,5970.4,396.384030959876,15.0621607675319,"TG","pos",TRUE,850.703482
"TG 53:2","11.18_890.81_11.18_895.77","TG 53:2","RSINITWKVQRWSZ-RFVLVDBCSA-N","[M+NH4]+_[M+Na]+",40,"-1","890.8089_895.7725",11.18,36529.6,3045.50920208756,11.9945787636959,"TG","pos",TRUE,872.775077
"TG 53:3","10.83_888.80_10.82_893.76","TG 53:3","ZNQBEJJYVJSZLM-LEDQTTRKSA-N","[M+NH4]+_[M+Na]+",40,"-1","888.7999_893.7557",10.825,41337.4,3671.15598960327,11.2600499998005,"TG","pos",TRUE,870.766077
"TG 53:4","10.47_891.74","TG 53:4","BMSDHYZLQWTKSQ-LSJAAEOESA-N","[M+Na]+",40,"-1","891.73969999999997",10.47,11072.6,581.920355375201,19.0276897821538,"TG","pos",TRUE,868.750482
"TG 54:2","11.39_904.83_11.39_909.79","TG 54:2","WUUWGORPQFKFQN-XDVOZUNOSA-N","[M+NH4]+_[M+Na]+",40,"-1","904.8319_909.7878",11.39,265172.4,23182.1417108083,11.4386497722239,"TG","pos",TRUE,886.798077
"TG 54:3","11.03_902.82_11.03_907.77","TG 54:3","PHYFQTYBJUILEZ-IUPFWZBJSA-N","[M+NH4]+_[M+Na]+",40,"-1","902.8192_907.7740",11.03,651422.6,30966.2259130815,21.0365513003898,"TG","pos",TRUE,884.785377
"TG 54:4","10.68_905.76_10.64_900.80","TG 54:4","BRLGHZXETDWABO-NOFIOOQLSA-N","[M+NH4]+_[M+Na]+",40,"-1","905.7579_900.8026",10.66,753638,55953.6099148214,13.4689790551006,"TG","pos",TRUE,882.768777
"TG 54:5","10.30_898.79_10.30_903.74","TG 54:5","OEJXMJPFOHYSIU-GRLFFVHSSA-N","[M+NH4]+_[M+Na]+",40,"-1","898.7856_903.7411",10.3,464571.8,45953.2802659397,10.1096547909408,"TG","pos",TRUE,880.751777
"TG 54:5 1","10.49_903.74_10.54_898.79","TG 54:5 1","VVEBTVMJPTZDHO-YQFZQLSNSA-N","[M+NH4]+_[M+Na]+",40,"-1","903.7408_898.7852",10.515,158710,13164.4630729855,12.0559417516757,"TG","pos",TRUE,880.751377
"TG 54:6","10.14_896.77_10.14_901.73","TG 54:6","CDNDFDKFZBPPFW-AXJGXPKFSA-N","[M+NH4]+_[M+Na]+",40,"-1","896.7703_901.7262",10.14,84475.4,15963.0703594265,5.29192680968895,"TG","pos",TRUE,878.736477
"TG 56:4","11.06_928.83","TG 56:4","YONCDTJKIZDSKQ-IYASBODOSA-N","[M+NH4]+",40,"-1","928.83140000000003",11.06,18334,1500.52574119873,12.218384194698,"TG","pos",TRUE,910.797577
"TG 56:5","10.93_931.77","TG 56:5","UHEJWASONFIROS-YPSHDQQVSA-N","[M+Na]+",40,"-1","931.77229999999997",10.93,18995.8,1298.6420599996,14.6274332128176,"TG","pos",TRUE,908.783082
"TG 56:7","10.14_927.74","TG 56:7","DODZUDCYRVWEOJ-GKZBLMSTSA-N","[M+Na]+",40,"-1","927.74040000000002",10.14,28781,1570.85518110359,18.3218671881517,"TG","pos",TRUE,904.751182
"TG 56:8","9.96_925.73","TG 56:8","UBGUHMDKBGQUND-VPFWBQFRSA-N","[M+Na]+",40,"-1","925.72540000000004",9.96,12201.8,934.400181934914,13.0584306766005,"TG","pos",TRUE,902.736182
